ProfileURL,Name/Handle,Platform,FollowerCount,Email,Tags,OutreachStatus,LastScrapedAt,Region,Language,PrimaryAITool,SampleContentURL,AIGCVerdict,DiscoveredAt,Source,Notes,FeedURL,ContactSourceURL,EvidenceJSON,Unnamed: 19,Unnamed: 20,Unnamed: 21,Unnamed: 22,Unnamed: 23,Unnamed: 24,Unnamed: 25,Unnamed: 26,Unnamed: 27,Unnamed: 28,Unnamed: 29
https://www.facebook.com/lilmiquela,Lil Miquela (@lilmiquela),Facebook,,,not exposed,"AIGC,Facebook,virtual influencer,fashion,music,Brud,verified",New,,,,US,en,CGI persona,https://www.facebook.com/lilmiquela,yes,2026-09-04T00:00:00Z,AmraAndElma.com top AI-generated influencers 2026; InfluencerMarketingHub.com virtual influencers 2025; FB page verified HTTP 200 (1M+ likes),"Virtual robot model by Brud. 1M+ FB likes. Fashion/music. Prada, Dior, Calvin Klein.",https://www.facebook.com/lilmiquela,https://www.facebook.com/lilmiquela,"{""source"": ""web_search+amraandelma+influencermarketinghub"", ""fb_page_verified"": true, ""fb_likes"": ""1M+"", ""ig_followers"": ""2.5M"", ""tiktok_followers"": ""3.4M"", ""creator"": ""Brud (Trevor McFedries, Sara DeCou)"", ""niche"": ""fashion, music, virtual influencer""}",,,,,,,,
https://www.facebook.com/noonoouri,Noonoouri (@noonoouri),Facebook,,,not exposed,"AIGC,Facebook,virtual influencer,fashion,activism,Joerg Zuber,verified",New,,,,Germany,en,CGI persona,https://www.facebook.com/noonoouri,yes,2026-09-04T00:00:00Z,AmraAndElma.com top AI-generated influencers 2026; noonoouri.com; FB page verified HTTP 302 (exists),"Digital character by Joerg Zuber (Munich). Dior, Versace, Warner Music. UNICEF advocate.",https://www.facebook.com/noonoouri,https://www.facebook.com/noonoouri,"{""source"": ""web_search+amraandelma"", ""fb_page_verified"": true, ""creator"": ""Joerg Zuber (Joerg Zuber Studio, Munich)"", ""niche"": ""fashion, beauty, activism"", ""brand_collabs"": ""Dior, Versace, Warner Music, UNICEF""}",,,,,,,,
https://www.facebook.com/beeinfluencer,Bee Influencer (@beeinfluencer),Facebook,,,not exposed,"AIGC,Facebook,virtual influencer,environment,education,bees,verified",New,,,,US,en,CGI persona,https://www.facebook.com/beeinfluencer,yes,2026-09-04T00:00:00Z,InfluencerMarketingHub.com virtual influencers 2025; FB page verified HTTP 200,AI virtual influencer for environmental awareness. Cause-owned asset. 95K IG.,https://www.facebook.com/beeinfluencer,https://www.facebook.com/beeinfluencer,"{""source"": ""web_search+influencermarketinghub"", ""fb_page_verified"": true, ""niche"": ""environment, education, bees"", ""type"": ""cause-owned virtual influencer"", ""followers_ig"": ""95K""}",,,,,,,,
https://www.facebook.com/magazineluiza,Lu do Magalu (@magazineluiza),Facebook,,,not exposed,"AIGC,Facebook,virtual influencer,brand ambassador,retail,Magazine Luiza,Brazil,verified",New,,,,Brazil,pt,CGI persona,https://www.facebook.com/magazineluiza,yes,2026-09-04T00:00:00Z,InfluencerMarketingHub.com virtual influencers 2025; Kolsquare top AI influencers 2026; FB page verified HTTP 200,Most-followed virtual influencer globally. 14M FB followers. Brand ambassador for Magazine Luiza.,https://www.facebook.com/magazineluiza,https://www.facebook.com/magazineluiza,"{""source"": ""web_search+influencermarketinghub+kolsquare"", ""fb_page_verified"": true, ""fb_followers"": ""14M"", ""tiktok_followers"": ""7.3M"", ""ig_followers"": ""7.1M"", ""youtube_subscribers"": ""2.8M"", ""creator"": ""Frederico Trajano (Magazine Luiza CEO)"", ""niche"": ""retail, lifestyle, brand ambassador""}",,,,,,,,
https://www.facebook.com/guggimon,Guggimon (@guggimon),Facebook,,,not exposed,"AIGC,Facebook,virtual influencer,fashion,horror,Superplastic,verified",New,,,,Canada/US,en,CGI persona,https://www.facebook.com/guggimon,yes,2026-09-04T00:00:00Z,AmraAndElma.com top AI influencers 2026; Kolsquare top AI influencers 2026; FB page verified HTTP 200,Naughty bunny by Superplastic (Montreal). 11.7M TikTok joint w/ Janky. Designer toys IP.,https://www.facebook.com/guggimon,https://www.facebook.com/guggimon,"{""source"": ""web_search+amraandelma+kolsquare"", ""fb_page_verified"": true, ""tiktok_followers"": ""11.7M (joint w/ Janky)"", ""ig_followers"": ""1.3M"", ""creator"": ""Superplastic (Montreal)"", ""niche"": ""fashion horror, music, designer toys""}",,,,,,,,
https://www.facebook.com/thalasya_,Thalasya (@thalasya_),Facebook,,,not exposed,"AIGC,Facebook,virtual influencer,travel,fashion,Indonesia,verified",New,,,,Indonesia,en,CGI persona,https://www.facebook.com/thalasya_,yes,2026-09-04T00:00:00Z,AmraAndElma.com top AI influencers 2026; FB page verified HTTP 200,Indonesian virtual influencer. Travel/fashion. 456K IG.,https://www.facebook.com/thalasya_,https://www.facebook.com/thalasya_,"{""source"": ""web_search+amraandelma"", ""fb_page_verified"": true, ""ig_followers"": ""456K"", ""niche"": ""travel, fashion"", ""country"": ""Indonesia""}",,,,,,,,
https://www.facebook.com/kyraonig,Kyra (@kyraonig),Facebook,,,not exposed,"AIGC,Facebook,virtual influencer,travel,fashion,India,verified",New,,,,India,en,CGI persona,https://www.facebook.com/kyraonig,yes,2026-09-04T00:00:00Z,AmraAndElma.com top AI influencers 2026; FB page verified HTTP 200,India-focused virtual influencer. Travel/fashion. 250K IG.,https://www.facebook.com/kyraonig,https://www.facebook.com/kyraonig,"{""source"": ""web_search+amraandelma"", ""fb_page_verified"": true, ""ig_followers"": ""250K"", ""niche"": ""travel, fashion"", ""country"": ""India""}",,,,,,,,
https://www.facebook.com/bermudaisbae,Bermuda (@bermudaisbae),Facebook,,,not exposed,"AIGC,Facebook,virtual influencer,politics,fashion,character IP,verified",New,,,,US,en,CGI persona,https://www.facebook.com/bermudaisbae,yes,2026-09-04T00:00:00Z,AmraAndElma.com top AI influencers 2026; FB page verified HTTP 200,Political/fashion virtual influencer. 140K IG. Character IP. Known for Miquela feud stunt (2018).,https://www.facebook.com/bermudaisbae,https://www.facebook.com/bermudaisbae,"{""source"": ""web_search+amraandelma"", ""fb_page_verified"": true, ""ig_followers"": ""140K"", ""niche"": ""politics, fashion, character IP"", ""note"": ""2018 Miquela account hack stunt""}",,,,,,,,
https://www.facebook.com/millasofiafin,Milla Sofia (@millasofiafin),Facebook,,,not exposed,"AIGC,Facebook,virtual influencer,modeling,AI art,Finland,verified",New,,,,Finland/Europe,en,CGI persona,https://www.facebook.com/millasofiafin,yes,2026-09-04T00:00:00Z,AmraAndElma.com top AI influencers 2026; Storyclash top virtual influencers 2025; FB page verified HTTP 200,AI-created virtual model. 115K IG. Most life-like virtual influencer per Storyclash.,https://www.facebook.com/millasofiafin,https://www.facebook.com/millasofiafin,"{""source"": ""web_search+amraandelma+storyclash"", ""fb_page_verified"": true, ""ig_followers"": ""115K"", ""niche"": ""modeling, AI art"", ""note"": ""arguably most life-like virtual influencer per Storyclash 2025""}",,,,,,,,
